Name,Email,Username,Phone,Age,Address
Candice,Wayne7@gmail.com,Berta_Bradtke82,1-524-549-9219 x4169,98,Bangladesh
Isadore,Dwight.Sporer@gmail.com,Green_Hackett85,(666) 676-7974 x153,21,South Georgia and the South Sandwich Islands
Isabelle,Rudolph80@yahoo.com,Erling.Gerhold,691-838-2369,40,Nicaragua
Reba,Merlin92@gmail.com,Kayden75,1-832-236-9856 x778,30,Mexico
Rowland,Caitlyn_Gerlach54@yahoo.com,Marjory62,(545) 738-0765 x7582,91,Brazil
Eulalia,Barbara_Nitzsche@gmail.com,Ayla.Wunsch23,(214) 970-2570 x784,25,Lebanon
Claudine,Tomasa26@gmail.com,Alexa54,1-621-652-6327,78,Western Sahara
Wiley,Lexus55@hotmail.com,Cornell.Pfannerstill,544.211.0251 x233,50,Democratic People's Republic of Korea
Lawson,Oran_Heaney63@hotmail.com,Pierre81,(818) 914-7841 x3929,39,Cambodia
Abigail,Jerrold25@gmail.com,Vallie66,1-358-949-2531,25,Christmas Island
Dion,Heber.Rosenbaum79@hotmail.com,Lazaro.Becker10,1-542-816-2125 x551,89,United States of America
Emerald,Onie_Leannon98@hotmail.com,Stanton.Kling5,1-573-662-1983,25,Afghanistan
Leora,Louisa.Hilll6@yahoo.com,Gerda_Crona33,1-511-294-8247 x59548,37,Malawi
Shanna,Marlen.Hickle91@gmail.com,Clotilde.Gusikowski37,688-914-0035 x95735,84,Guam
Devyn,Lennie.Gleason@gmail.com,Hazel6,895-971-2274 x104,25,Germany
Monty,Meredith47@hotmail.com,Kattie.Kohler,(346) 240-6466 x13975,63,Samoa
Chloe,Idell_Kilback98@yahoo.com,Micaela34,(949) 587-9393,91,French Polynesia
Josianne,Gregg20@hotmail.com,Garth.Sanford66,547-256-4606 x9202,73,United Kingdom
Loyce,Natalia57@yahoo.com,Fred.Roberts21,1-261-516-4601 x744,72,Slovenia
Novella,Eliseo_Schumm@hotmail.com,Alicia_Wunsch,(442) 286-9286 x05125,34,Saint Lucia
